-- This section creates and inserts data into the 'alerts' table.

INSERT INTO public.alerts (alert_id,  alert_timestamp, attended_timestamp, final_diagnosis, patient_id, biometric_data_id, created_at, updated_at, deleted_at, attended_by_id) VALUES ('183824dd-dbb6-479e-a9cf-3f1fcc0368d9',  '2023-09-26 09:15:00.000000', null, null, '33333333-3333-3333-3333-333333333333', 'cccccccc-cccc-cccc-cccc-cccccccccccc', '2024-09-29 17:16:24.414195', '2024-09-29 17:16:24.414195', null, null);
INSERT INTO public.alerts (alert_id,  alert_timestamp, attended_timestamp, final_diagnosis, patient_id, biometric_data_id, created_at, updated_at, deleted_at, attended_by_id) VALUES ('9153da69-9fda-46a3-bdcb-fc164e47a84a',  '2023-09-25 15:30:00.000000', null,null, '22222222-2222-2222-2222-222222222222', '66666666-6666-6666-6666-666666666666', '2024-09-29 17:16:24.414195', '2024-09-29 17:16:24.414195', null, null);
INSERT INTO public.alerts (alert_id,  alert_timestamp, attended_timestamp, final_diagnosis, patient_id, biometric_data_id, created_at, updated_at, deleted_at, attended_by_id) VALUES ('73953e79-103c-404a-81e7-83b613c648aa', '2024-09-29 19:21:44.873728', null,null, '49e6bf36-8064-4b76-9ceb-9bde332b7a57', '10df44c8-9277-4b17-bb43-0fee7094ee88', '2024-09-29 19:21:44.875801', '2024-09-29 19:21:44.875801', null, null);
INSERT INTO public.alerts (alert_id,  alert_timestamp, attended_timestamp, final_diagnosis, patient_id, biometric_data_id, created_at, updated_at, deleted_at, attended_by_id) VALUES ('50916d1c-7ef7-4790-88a5-78d4dc69f761',  '2024-09-29 19:53:20.708080', null,null, '79f76313-759b-4423-a0cf-5a23dc8c0b75', '10df44c8-9277-4b17-bb43-0fee7094ee88', '2024-09-29 19:53:20.708322', '2024-09-29 19:53:20.708322', null, null);
INSERT INTO public.alerts (alert_id,  alert_timestamp, attended_timestamp, final_diagnosis, patient_id, biometric_data_id, created_at, updated_at, deleted_at, attended_by_id) VALUES ('c6fa4d7d-d975-495e-9d46-4eb7e16485a8',  '2024-09-29 20:11:51.976041', null,null, '17c32d17-6d9b-4e12-aa1b-34984ae06f1c', '10df44c8-9277-4b17-bb43-0fee7094ee88', '2024-09-29 20:11:51.976222', '2024-09-29 20:11:51.976222', null, null);
INSERT INTO public.alerts (alert_id,  alert_timestamp, attended_timestamp, final_diagnosis, patient_id, biometric_data_id, created_at, updated_at, deleted_at, attended_by_id) VALUES ('3be1016c-5d6c-40f9-939a-909f47da8809',  '2024-09-29 20:11:36.781979', null,null, '17c32d17-6d9b-4e12-aa1b-34984ae06f1c', '10df44c8-9277-4b17-bb43-0fee7094ee88', '2024-09-29 20:11:36.782313', '2024-09-29 20:11:36.782313', null, null);
INSERT INTO public.alerts (alert_id,  alert_timestamp, attended_timestamp, final_diagnosis, patient_id, biometric_data_id, created_at, updated_at, deleted_at, attended_by_id) VALUES ('8e64f9de-9995-499a-a614-9ca8e2ea3449',  '2024-09-29 19:52:11.324443', null,null, '17c32d17-6d9b-4e12-aa1b-34984ae06f1c', '10df44c8-9277-4b17-bb43-0fee7094ee88', '2024-09-29 19:52:11.324612', '2024-09-29 19:52:11.324612', null, null);
INSERT INTO public.alerts (alert_id,  alert_timestamp, attended_timestamp, final_diagnosis, patient_id, biometric_data_id, created_at, updated_at, deleted_at, attended_by_id) VALUES ('864a869f-b667-4ecb-b84b-0c3e94194c3a',  '2024-09-29 19:34:48.165102', null,null, '17c32d17-6d9b-4e12-aa1b-34984ae06f1c', '10df44c8-9277-4b17-bb43-0fee7094ee88', '2024-09-29 19:34:48.165301', '2024-09-29 19:34:48.165301', null, null);
INSERT INTO public.alerts (alert_id,  alert_timestamp, attended_timestamp, final_diagnosis, patient_id, biometric_data_id, created_at, updated_at, deleted_at, attended_by_id) VALUES ('9639150f-7173-4fa8-bab7-d0f8a8468b94',  '2024-09-29 19:33:51.204063', null,null, '17c32d17-6d9b-4e12-aa1b-34984ae06f1c', '10df44c8-9277-4b17-bb43-0fee7094ee88', '2024-09-29 19:33:51.204236', '2024-09-29 19:33:51.204236', null, null);
INSERT INTO public.alerts (alert_id,  alert_timestamp, attended_timestamp, final_diagnosis, patient_id, biometric_data_id, created_at, updated_at, deleted_at, attended_by_id) VALUES ('75dd34b4-992e-4fb1-b8be-0025ae2e3893', '2023-09-25 14:00:00.000000', null,null, '11111111-1111-1111-1111-111111111111', '55555555-5555-5555-5555-555555555555', '2024-09-29 17:16:24.414195', '2024-09-29 17:16:24.414195', null, '44556677-8888-9999-aaaa-bbbbccccdddd');
INSERT INTO public.alerts (alert_id,  alert_timestamp, attended_timestamp, final_diagnosis, patient_id, biometric_data_id, created_at, updated_at, deleted_at, attended_by_id) VALUES ('bbbbbbbb-bbbb-bbbb-bbbb-bbbbbbbbbbbb', '2023-09-25 15:30:00.000000', null,null, '22222222-2222-2222-2222-222222222222', '66666666-6666-6666-6666-666666666666', '2024-09-30 01:29:49.930841', '2024-09-30 01:29:49.930841', null, null);
INSERT INTO public.alerts (alert_id,  alert_timestamp, attended_timestamp, final_diagnosis, patient_id, biometric_data_id, created_at, updated_at, deleted_at, attended_by_id) VALUES ('dddddddd-dddd-dddd-dddd-dddddddddddd', '2023-09-25 14:00:00.000000', '2024-10-10 12:18:29.000000','Arrhythmia', '11111111-1111-1111-1111-111111111111', '55555555-5555-5555-5555-555555555555', '2024-09-30 01:29:49.930841', '2024-09-30 01:29:49.930841', null, null);


-- This section creates and inserts data into the 'biometric_records' table.

INSERT INTO public.biometric_records (biometric_data_id, o2_saturation, heart_rate, systolic_blood_pressure, diastolic_blood_pressure, temperature, created_at, updated_at, deleted_at) VALUES ('55555555-5555-5555-5555-555555555555', 98, 75, 120, 80, 37.2, '2024-09-29 17:16:17.959937', '2024-09-29 17:16:17.959937', null);
INSERT INTO public.biometric_records (biometric_data_id, o2_saturation, heart_rate, systolic_blood_pressure, diastolic_blood_pressure, temperature, created_at, updated_at, deleted_at) VALUES ('66666666-6666-6666-6666-666666666666', 95, 85, 130, 90, 32.2, '2024-09-29 17:16:17.959937', '2024-09-29 17:16:17.959937', null);
INSERT INTO public.biometric_records (biometric_data_id, o2_saturation, heart_rate, systolic_blood_pressure, diastolic_blood_pressure, temperature, created_at, updated_at, deleted_at) VALUES ('cccccccc-cccc-cccc-cccc-cccccccccccc', 70, 95, 140, 100, 32.2, '2024-09-29 17:16:17.959937', '2024-09-29 17:16:17.959937', null);
INSERT INTO public.biometric_records (biometric_data_id, o2_saturation, heart_rate, systolic_blood_pressure, diastolic_blood_pressure, temperature, created_at, updated_at, deleted_at) VALUES ('10df44c8-9277-4b17-bb43-0fee7094ee88', 70, 95, 140, 100, 40.1, '2024-09-29 17:16:17.959937', '2024-09-29 17:16:17.959937', null);


-- This section creates and inserts data into the 'comorbidities' table.

INSERT INTO public.comorbidities (comorbidity_id, patient_id, comorbidity, created_at, updated_at, deleted_at) VALUES ('25ea8d63-7869-4ee9-9054-cf7f15b61db4', '11111111-1111-1111-1111-111111111111', 'Diabetes', '2024-09-29 17:16:24.505852', '2024-09-29 17:16:24.505852', null);
INSERT INTO public.comorbidities (comorbidity_id, patient_id, comorbidity, created_at, updated_at, deleted_at) VALUES ('c8154392-8ddc-41cd-852a-e6ee572f1772', '22222222-2222-2222-2222-222222222222', 'Obesity', '2024-09-29 17:16:24.505852', '2024-09-29 17:16:24.505852', null);
INSERT INTO public.comorbidities (comorbidity_id, patient_id, comorbidity, created_at, updated_at, deleted_at) VALUES ('3b2bda86-a71d-4fbd-924d-623c97c849bd', '33333333-3333-3333-3333-333333333333', 'Asthma', '2024-09-29 17:16:24.505852', '2024-09-29 17:16:24.505852', null);
INSERT INTO public.comorbidities (comorbidity_id, patient_id, comorbidity, created_at, updated_at, deleted_at) VALUES ('073b9f6a-8dfb-4a17-ae1d-1613e05db40d', '33333333-3333-3333-3333-333333333333', 'Cancer', '2024-09-29 14:46:28.072331', '2024-09-29 14:46:28.072331', null);


-- This section creates and inserts data into the 'computer_diagnostics' table.

INSERT INTO public.computer_diagnostics (diagnostic_id, alert_id, diagnosis, percentage, created_at, updated_at, deleted_at) VALUES ('fe18e71a-fb41-4a3a-85f6-0581eaaf4839', '183824dd-dbb6-479e-a9cf-3f1fcc0368d9', 'Arrhythmia', 75.80, '2024-09-29 17:16:24.443420', '2024-09-29 17:16:24.443420', null);
INSERT INTO public.computer_diagnostics (diagnostic_id, alert_id, diagnosis, percentage, created_at, updated_at, deleted_at) VALUES ('ff2f442f-0481-4d33-8702-9dd3d87d251b', 'c6fa4d7d-d975-495e-9d46-4eb7e16485a8', 'Possible Heart Attack', 85.50, '2024-09-29 17:16:24.443420', '2024-09-29 17:16:24.443420', null);
INSERT INTO public.computer_diagnostics (diagnostic_id, alert_id, diagnosis, percentage, created_at, updated_at, deleted_at) VALUES ('c5a9b459-2283-4b53-b565-9da36eea304a', 'c6fa4d7d-d975-495e-9d46-4eb7e16485a8', 'Hypertension Crisis', 90.20, '2024-09-29 17:16:24.443420', '2024-09-29 17:16:24.443420', null);


-- This section creates and inserts data into the 'doctor_alerts' table, linking doctors to alerts.

INSERT INTO public.doctor_alerts (doctor_alert_id, doctor_id, alert_id, attended_at) VALUES ('acc8f091-f376-4fc4-936e-9953cb20554d', '44556677-8888-9999-aaaa-bbbbccccdddd', '75dd34b4-992e-4fb1-b8be-0025ae2e3893', '2023-09-25 14:30:00.000000');
INSERT INTO public.doctor_alerts (doctor_alert_id, doctor_id, alert_id, attended_at) VALUES ('9bf73483-db6f-4f8a-bbba-d56be1d5ba37', '55667788-9999-aaaa-bbbb-ccccdddd1111', '9153da69-9fda-46a3-bdcb-fc164e47a84a', '2023-09-25 16:00:00.000000');
INSERT INTO public.doctor_alerts (doctor_alert_id, doctor_id, alert_id, attended_at) VALUES ('04dfaa2a-72c6-4fdd-945b-360f1a42e4bd', '66778899-aaaa-bbbb-cccc-ddddeeeeffff', '183824dd-dbb6-479e-a9cf-3f1fcc0368d9', '2023-09-26 09:45:00.000000');
INSERT INTO public.doctor_alerts (doctor_alert_id, doctor_id, alert_id, attended_at) VALUES ('6eba1e81-aefb-43cc-94ab-f35624a5b845', '44556677-8888-9999-aaaa-bbbbccccdddd', 'dddddddd-dddd-dddd-dddd-dddddddddddd', '2023-09-25 14:30:00.000000');
INSERT INTO public.doctor_alerts (doctor_alert_id, doctor_id, alert_id, attended_at) VALUES ('78482fbb-0894-4a03-b827-464f0ebe7b99', '55667788-9999-aaaa-bbbb-ccccdddd1111', 'bbbbbbbb-bbbb-bbbb-bbbb-bbbbbbbbbbbb', '2023-09-25 16:00:00.000000');


-- This section creates and inserts data into the 'doctor_patients' table, linking doctors to patients.

INSERT INTO public.doctor_patients (doctor_patient_id, doctor_id, patient_id, assigned_at) VALUES ('fdbadd60-9d1f-4bf6-9c16-a0ac5d3282da', '44556677-8888-9999-aaaa-bbbbccccdddd', '11111111-1111-1111-1111-111111111111', '2023-09-20 10:00:00.000000');
INSERT INTO public.doctor_patients (doctor_patient_id, doctor_id, patient_id, assigned_at) VALUES ('2a7f893a-3269-40ad-97b1-7e8be66d1a55', '55667788-9999-aaaa-bbbb-ccccdddd1111', '22222222-2222-2222-2222-222222222222', '2023-09-21 11:00:00.000000');
INSERT INTO public.doctor_patients (doctor_patient_id, doctor_id, patient_id, assigned_at) VALUES ('cb63633a-0174-4667-8e0f-eafa7deaf6c8', '66778899-aaaa-bbbb-cccc-ddddeeeeffff', '33333333-3333-3333-3333-333333333333', '2023-09-22 12:00:00.000000');
INSERT INTO public.doctor_patients (doctor_patient_id, doctor_id, patient_id, assigned_at) VALUES ('44d7ef74-bf07-40f6-b3a7-69a690ce37e4', '55667788-9999-aaaa-bbbb-ccccdddd1111', '11111111-1111-1111-1111-111111111111', '2023-09-20 10:00:00.000000');
INSERT INTO public.doctor_patients (doctor_patient_id, doctor_id, patient_id, assigned_at) VALUES ('bf407595-426b-43f1-98fb-da2da22baa73', '55667788-9999-aaaa-bbbb-ccccdddd1111', '79f76313-759b-4423-a0cf-5a23dc8c0b75', '2023-09-20 10:00:00.000000');
INSERT INTO public.doctor_patients (doctor_patient_id, doctor_id, patient_id, assigned_at) VALUES ('9fb7db16-719a-4c96-a250-da5a86b60032', '55667788-9999-aaaa-bbbb-ccccdddd1111', '79f76313-759b-4423-a0cf-5a23dc8c0b75', '2024-09-30 00:53:20.708175');


-- This section creates and inserts data into the 'doctors' table.

INSERT INTO public.doctors (doctor_id, dni, name, specialization, created_at, updated_at, deleted_at) VALUES ('44556677-8888-9999-aaaa-bbbbccccdddd', '4455667788', 'Dr. Alice Brown', 'Cardiologist', '2024-09-29 17:16:24.525101', '2024-09-29 17:16:24.525101', null);
INSERT INTO public.doctors (doctor_id, dni, name, specialization, created_at, updated_at, deleted_at) VALUES ('55667788-9999-aaaa-bbbb-ccccdddd1111', '5566778899', 'Dr. Bob Green', 'Pulmonologist', '2024-09-29 17:16:24.525101', '2024-09-29 17:16:24.525101', null);
INSERT INTO public.doctors (doctor_id, dni, name, specialization, created_at, updated_at, deleted_at) VALUES ('66778899-aaaa-bbbb-cccc-ddddeeeeffff', '6677889900', 'Dr. Charlie Blue', 'General Practitioner', '2024-09-29 17:16:24.525101', '2024-09-29 17:16:24.525101', null);


-- This section creates and inserts data into the 'medications' table.

INSERT INTO public.medications (medication_id, patient_id, name, start_date, end_date, dosage, periodicity, created_at, updated_at, deleted_at) VALUES ('de44255a-f7ab-425e-8a98-a24fb05a54e1', '11111111-1111-1111-1111-111111111111', 'Aspirin', '2023-09-01', '2023-09-30', '500mg', 'Once daily', '2024-09-29 17:16:24.484946', '2024-09-29 17:16:24.484946', null);
INSERT INTO public.medications (medication_id, patient_id, name, start_date, end_date, dosage, periodicity, created_at, updated_at, deleted_at) VALUES ('eb6da478-2708-4b85-884f-d8bfe5231dcd', '22222222-2222-2222-2222-222222222222', 'Lisinopril', '2023-09-15', '2023-10-15', '20mg', 'Twice daily', '2024-09-29 17:16:24.484946', '2024-09-29 17:16:24.484946', null);
INSERT INTO public.medications (medication_id, patient_id, name, start_date, end_date, dosage, periodicity, created_at, updated_at, deleted_at) VALUES ('47666597-c6bf-4651-9429-36405e0410fd', '33333333-3333-3333-3333-333333333333', 'Metformin', '2023-09-20', '2023-10-20', '500mg', 'Once daily', '2024-09-29 17:16:24.484946', '2024-09-29 17:16:24.484946', null);
INSERT INTO public.medications (medication_id, patient_id, name, start_date, end_date, dosage, periodicity, created_at, updated_at, deleted_at) VALUES ('4f1a69f1-60d7-4ba9-b415-da4e465589bb', '11111111-1111-1111-1111-111111111111', 'Cortisol', '2023-09-01', '2023-09-30', '50mg', 'Once daily', '2024-09-29 17:16:24.484946', '2024-09-29 17:16:24.484946', null);


-- This section creates and inserts data into the 'monitoring_devices' table.

INSERT INTO public.monitoring_devices (device_id, status, patient_id, linked_by_id, created_at, updated_at, deleted_at) VALUES ('test1',  'In Use', '11111111-1111-1111-1111-111111111111', '44556677-8888-9999-aaaa-bbbbccccdddd',  '2024-09-29 17:16:24.466949', '2024-09-29 17:16:24.466949', null);
INSERT INTO public.monitoring_devices (device_id, status, patient_id, linked_by_id, created_at, updated_at, deleted_at) VALUES ('test2',  'Free', null, null, '2024-09-29 17:16:24.466949',  '2024-09-29 17:16:24.466949', null);
INSERT INTO public.monitoring_devices (device_id, status, patient_id, linked_by_id, created_at, updated_at, deleted_at) VALUES ('test3', 'Unavailable', '22222222-2222-2222-2222-222222222222', '66778899-aaaa-bbbb-cccc-ddddeeeeffff', '2024-09-29 17:16:24.466949', '2024-09-29 17:16:24.466949', null);


-- This section creates and inserts data into the 'patients' table.

INSERT INTO public.patients (patient_id, dni, name, age, weight, height, sex, location, created_at, updated_at, deleted_at) VALUES ('11111111-1111-1111-1111-111111111111', '1234567890', 'John Doe', 45, 70.50, 175.30, 'M', 'Room 101',  '2024-09-29 17:13:54.981035', '2024-09-29 17:13:54.981035', null);
INSERT INTO public.patients (patient_id, dni, name, age, weight, height, sex, location, created_at, updated_at, deleted_at) VALUES ('22222222-2222-2222-2222-222222222222', '0987654321', 'Jane Smith', 52, 60.20, 162.40, 'F', 'Room 202',  '2024-09-29 17:13:54.981035', '2024-09-29 17:13:54.981035', null);
INSERT INTO public.patients (patient_id, dni, name, age, weight, height, sex, location, created_at, updated_at, deleted_at) VALUES ('33333333-3333-3333-3333-333333333333', '1122334455', 'Emily White', 30, 65.70, 168.90, 'F', 'Room 303', '2024-09-29 17:13:54.981035', '2024-09-29 17:13:54.981035', null);
INSERT INTO public.patients (patient_id, dni, name, age, weight, height, sex, location, created_at, updated_at, deleted_at) VALUES ('cf9ac065-293e-48e0-8798-10aab22a7282', '21999998', 'GOD DIAZ', 17, 70.50, 175.30, 'M', 'Room 101', '2024-09-29 14:44:19.335160', '2024-09-29 14:47:30.484805', '2024-09-29 14:48:23.168631');
INSERT INTO public.patients (patient_id, dni, name, age, weight, height, sex, location, created_at, updated_at, deleted_at) VALUES ('49e6bf36-8064-4b76-9ceb-9bde332b7a57', 'untehusano', 'zzzz', 45, 70.50, 175.30, 'M', 'Room 101', '2024-09-29 14:45:22.979759', '2024-09-29 14:45:22.979759', null);
INSERT INTO public.patients (patient_id, dni, name, age, weight, height, sex, location, created_at, updated_at, deleted_at) VALUES ('79f76313-759b-4423-a0cf-5a23dc8c0b75', '99999998', 'HDiaz', 45, 70.50, 175.30, 'M', 'Room 101',  '2024-09-29 14:45:22.979759', '2024-09-29 14:45:22.979759', null);
INSERT INTO public.patients (patient_id, dni, name, age, weight, height, sex, location, created_at, updated_at, deleted_at) VALUES ('17c32d17-6d9b-4e12-aa1b-34984ae06f1c', 'uwu', 'zzzz', 45, 70.50, 175.30, 'M', 'Room 101',  '2024-09-29 14:45:22.979759', '2024-09-29 14:45:22.979759', null);
INSERT INTO public.patients (patient_id, dni, name, age, weight, height, sex, location, created_at, updated_at, deleted_at) VALUES ('0f25d62e-85f4-422d-bc29-a1716e8f67c0', 'zzzzzzz', 'New without alerts', 45, 70.50, 175.30, 'M', 'Room 101','2024-10-07 12:50:22.971668', '2024-10-07 12:50:22.971668', null);

-- This section creates and inserts data into the 'medical_visits' table.
INSERT INTO public.medical_visits (medical_visit_id, patient_id, reason, diagnosis, treatment, entry_date, discharge_date)
VALUES
    ('00000000-1111-1111-1111-000000000001', '11111111-1111-1111-1111-111111111111', 'Consulta general', 'Hipertensión', 'Medicamento A', '2024-10-16 10:35:03.380000', '2024-10-17 12:00:00.000000');

INSERT INTO public.medical_visits (medical_visit_id, patient_id, reason, diagnosis, treatment, entry_date, discharge_date)
VALUES
    ('00000000-1111-1111-1111-000000000002', '11111111-1111-1111-1111-111111111111', 'Revisión anual', 'Saludable', 'N/A', '2024-10-16 10:35:03.380000', '2024-10-18 09:45:00.000000');

INSERT INTO public.medical_visits (medical_visit_id, patient_id, reason, diagnosis, treatment, entry_date, discharge_date)
VALUES
    ('00000000-1111-1111-1111-000000000003', '11111111-1111-1111-1111-111111111111', 'Seguimiento', 'Diabetes Tipo 2', 'Medicamento B', '2024-10-16 10:35:03.380000', '2024-10-19 16:30:00.000000');

INSERT INTO public.medical_visits (medical_visit_id, patient_id, reason, diagnosis, treatment, entry_date, discharge_date)
VALUES
    ('00000000-1111-1111-1111-000000000004', '11111111-1111-1111-1111-111111111111', 'Examen de rutina', 'Colesterol alto', 'Cambio de estilo de vida', '2024-10-16 10:35:03.380000', '2024-10-20 08:15:00.000000');

INSERT INTO public.medical_visits (medical_visit_id, patient_id, reason, diagnosis, treatment, entry_date, discharge_date)
VALUES
    ('00000000-1111-1111-1111-000000000005', '11111111-1111-1111-1111-111111111111', 'Emergencia', 'Fractura', 'Cirugía', '2024-10-16 10:35:03.380000', '2024-10-21 11:20:00.000000');

INSERT INTO public.medical_visits (medical_visit_id, patient_id, reason, diagnosis, treatment, entry_date, discharge_date)
VALUES
    ('00000000-1111-1111-1111-000000000006', '11111111-1111-1111-1111-111111111111', 'Consulta', 'Dolor de espalda', 'Fisioterapia', '2024-10-16 10:35:03.380000', '2024-10-22 15:50:00.000000');

INSERT INTO public.medical_visits (medical_visit_id, patient_id, reason, diagnosis, treatment, entry_date, discharge_date)
VALUES
    ('00000000-1111-1111-1111-000000000007', '11111111-1111-1111-1111-111111111111', 'Terapia', 'Ansiedad', 'Consejería', '2024-10-16 10:35:03.380000', '2024-10-23 13:35:00.000000');

INSERT INTO public.medical_visits (medical_visit_id, patient_id, reason, diagnosis, treatment, entry_date)
VALUES
    ('00000000-1111-1111-1111-000000000008', '11111111-1111-1111-1111-111111111111', 'Revisión', 'Asma', 'Inhalador', '2024-10-16 10:35:03.380000');

INSERT INTO public.medical_visits (medical_visit_id, patient_id, reason, diagnosis, treatment, entry_date, discharge_date)
VALUES
    ('00000000-1111-1111-1111-000000000009', '11111111-1111-1111-1111-111111111111', 'Chequeo preoperatorio', 'Control de glucosa', 'Dieta baja en azúcar', '2024-10-16 10:35:03.380000', '2024-10-24 10:10:00.000000');

INSERT INTO public.medical_visits (medical_visit_id, patient_id, reason, diagnosis, treatment, entry_date, discharge_date)
VALUES
    ('00000000-1111-1111-1111-000000000010', '11111111-1111-1111-1111-111111111111', 'Rehabilitación', 'Recuperación de cirugía', 'Ejercicios de recuperación', '2024-10-16 10:35:03.380000', '2024-10-25 14:45:00.000000');
